key,col_span,row_span,body,is_empty_cell,left_cell_key,top_cell_key
0-0,1,1,"[{'pStyle': {}, 'rList': [{'rStyle': '', 'body': '姓名'}]}]",True,,
0-1,1,1,"[{'pStyle': {}, 'rList': []}]",True,0-0,
0-2,1,1,"[{'pStyle': {}, 'rList': [{'rStyle': '', 'body': '申请时间'}]}]",True,0-1,
0-3,1,1,"[{'pStyle': {}, 'rList': []}]",True,0-2,
1-0,1,1,"[{'pStyle': {}, 'rList': [{'rStyle': '', 'body': '部门'}]}]",True,,0-0
1-1,1,1,"[{'pStyle': {}, 'rList': []}]",True,1-0,0-1
1-2,1,1,"[{'pStyle': {}, 'rList': [{'rStyle': '', 'body': '本人紧急联系电话'}]}]",True,1-1,0-2
1-3,1,1,"[{'pStyle': {}, 'rList': []}]",True,1-2,0-3
2-0,1,1,"[{'pStyle': {}, 'rList': [{'rStyle': '', 'body': '请假类型'}]}]",True,,1-0
2-1,3,1,"[{'pStyle': {}, 'rList': [{'rStyle': '', 'body': ''}, {'rStyle': '', 'body': '病假 '}, {'rStyle': '', 'body': ''}, {'rStyle': '', 'body': '调休 '}, {'rStyle': '', 'body': ''}, {'rStyle': '', 'body': '产假 '}, {'rStyle': '', 'body': ''}, {'rStyle': '', 'body': '年假'}]}]",True,2-0,1-1
3-0,1,1,"[{'pStyle': {}, 'rList': [{'rStyle': '', 'body': '开始时间'}]}]",True,,2-0
3-1,3,1,"[{'pStyle': {}, 'rList': []}]",True,3-0,2-1
4-0,1,1,"[{'pStyle': {}, 'rList': [{'rStyle': '', 'body': '结束时间'}]}]",True,,3-0
4-1,3,1,"[{'pStyle': {}, 'rList': []}]",True,4-0,3-1
5-0,1,1,"[{'pStyle': {}, 'rList': [{'rStyle': '', 'body': '时长'}]}]",True,,4-0
5-1,1,1,"[{'pStyle': {}, 'rList': []}]",True,5-0,4-1
5-2,1,1,"[{'pStyle': {}, 'rList': [{'rStyle': '', 'body': '天数'}]}]",True,5-1,4-2
5-3,1,1,"[{'pStyle': {}, 'rList': []}]",True,5-2,4-3
6-0,1,1,"[{'pStyle': {}, 'rList': [{'rStyle': '', 'body': '请假事由'}]}]",True,,5-0
6-1,3,1,"[{'pStyle': {}, 'rList': []}]",True,6-0,5-1
7-0,1,1,"[{'pStyle': {}, 'rList': [{'rStyle': '', 'body': '上传图片'}]}]",True,,6-0
7-1,3,1,"[{'pStyle': {}, 'rList': []}]",True,7-0,6-1
